{"cameraMode":{"drawMode":0,"name":"Shaded","section":"Shading Mode"},"sceneLighting":false,"audioPlay":false,"sceneViewState":{"showFog":true,"showMaterialUpdate":false,"showSkybox":false,"showFlares":true,"showImageEffects":true,"showParticleSystems":true},"in2DMode":false,"pivot":{"x":-0.8688766360282898,"y":0.6828182935714722,"z":-0.3998073637485504},"rotation":{"x":0.03144040331244469,"y":-0.9513574838638306,"z":0.10342966765165329,"w":0.28866657614707949},"size":2.8578836917877199,"orthographic":false}