{"cameraMode":{"drawMode":0,"name":"Shaded","section":"Shading Mode"},"sceneLighting":false,"audioPlay":false,"sceneViewState":{"showFog":true,"showMaterialUpdate":false,"showSkybox":false,"showFlares":true,"showImageEffects":true,"showParticleSystems":true},"in2DMode":false,"pivot":{"x":0.49108555912971499,"y":0.2919734716415405,"z":0.19155006110668183},"rotation":{"x":-0.27083346247673037,"y":0.31910663843154909,"z":-0.09563104808330536,"w":-0.9032028317451477},"size":2.8578836917877199,"orthographic":false}